"001","渡邊絢音","ワタナベアヤネ","女","03-3397-0316","ewatanabe@hypnl.xmo","1970/1/4","41","新潟県","B"
"002","大川國吉","オオカワクニヨシ","男","03-7636-9504","Kuniyoshi_Ookawa@uilqdpndu.nt","1969/1/13","42","香川県","AB"
"003","町田基之","マチダモトユキ","男","03-7534-8701","gwvpmdbcmotoyuki717@nnwef.cgxu.la","1963/4/22","48","青森県","O"
"004","妹尾良治","セノオヨシジ","男","03-6466-0706","yoshiji66143@zfke.nk","1980/12/31","30","鹿児島県","A"
"005","秋本義弘","アキモトヨシヒロ","男","03-5843-3678","yoshihiroakimoto@aejwjhgt.ubsu.gpd","1983/8/26","27","岡山県","A"
"006","本村紗彩","モトムラサアヤ","女","03-8009-4742","saayamotomura@sjdjnux.vo","1976/11/16","34","宮城県","B"
"007","田口麗華","タグチレイカ","女","03-3647-8639","ataguchi@tixxv.peq","1984/12/16","26","北海道","B"
"008","市村禎","イチムラタダシ","男","03-7212-4986","tadashi6495@ztyxpw.amp.zo","1958/4/21","53","大分県","O"
"009","塩谷樹里","シオヤジュリ","女","03-6413-7451","juri917@yvpoaqk.zh","1954/7/12","56","青森県","O"
"010","菊地久夫","キクチヒサオ","男","03-3144-7521","hisao458@lrliilwbap.kg","1981/11/15","29","東京都","O"
"011","滝口貞治","タキグチテイジ","男","03-1124-8362","teiji35717@miyhrygf.ym","1966/9/11","44","福島県","B"
"012","大森孝男","オオモリタカオ","男","03-3926-1799","nzjsvwztakao96745@gppiewhpau.qwi","1968/8/12","42","沖縄県","AB"
"013","砂川来実","サガワクルミ","女","03-5312-0583","Kurumi_Sagawa@fffvbb.kh","1982/6/18","29","佐賀県","O"
"014","奥輝雄","オクテルオ","男","03-8350-6651","teruo416@aguokpgih.fwwd.ovc","1967/9/29","43","山形県","A"
"015","清田佳子","キヨタヨシコ","女","03-0119-0828","yoshiko_kiyota@gbko.uw","1990/10/3","20","千葉県","O"
"016","寺沢友紀","テラサワユキ","女","03-3397-6173","yukiterasawa@csze.rve","1963/1/14","48","広島県","B"
"017","菅原一也","スガハラカズヤ","男","03-4469-5020","kazuya479@gbhn.bj","1954/3/1","57","岩手県","A"
"018","長島文彦","ナガシマフミヒコ","男","03-9444-9652","snqzzszlxtfumihiko9338@ciahm.ccx","1988/3/5","23","山梨県","A"
"019","海老原千晶","エビハラチアキ","女","03-3053-1178","chiaki_ebihara@kidftlhg.nmz.lgt","1970/6/19","41","福岡県","A"
"020","梶原千尋","カジワラチヒロ","女","03-2679-8420","chihiro0177@dafn.fx","1976/4/20","35","島根県","A"
"021","村田誠","ムラタマコト","男","03-5284-3842","omurata@thwej.zet","1981/4/18","30","愛媛県","AB"
"022","杉原晴彦","スギハラハルヒコ","男","03-2205-5772","haruhiko_sugihara@pyothsd.yn.kz","1961/10/20","49","新潟県","O"
"023","大谷達行","オオヤタツユキ","男","03-8369-3809","iooya@rggadz.nxi","1988/1/24","23","群馬県","A"
"024","吉原瑞穂","ヨシワラミズホ","女","03-4984-7392","mizuho7635@sjuzixtyk.ai.uo","1952/7/31","58","神奈川県","O"
"025","中島奏","ナカシマカナデ","女","03-9482-2200","kanade_nakashima@dwsbxf.dv","1977/7/14","33","秋田県","AB"
"026","田辺栄子","タナベエイコ","女","03-3489-2683","otanabe@najq.qm.qmj","1984/4/22","27","宮城県","O"
"027","柴山陽向","シバヤマヒナタ","女","03-2486-8852","Hinata_Shibayama@fslom.zt.ry","1989/11/17","21","沖縄県","A"
"028","立花賢一","タチバナケンイチ","男","03-7393-7676","kenichi114@utfu.ti.zcu","1984/11/18","26","石川県","AB"
"029","野原麗奈","ノハラレナ","女","03-3434-1852","rena5600@vuwkdvrvog.xcna.qh","1955/5/23","56","徳島県","AB"
"030","冨田守弘","トミタモリヒロ","男","03-4750-6648","morihiro2246@hqrkmmvgcs.zd","1991/4/21","20","山口県","A"
"031","古山好美","コヤマヨシミ","女","03-0195-2303","yoshimi740@mtjek.az","1959/11/26","51","北海道","O"
"032","河口敏男","カワグチトシオ","男","03-4088-7866","toshio738@subqlznscm.og","1961/11/15","49","沖縄県","B"
"033","宮本絢音","ミヤモトアヤネ","女","03-3694-1221","ayane579@ruxlioihww.ilu","1984/11/12","26","鹿児島県","AB"
"034","保坂八郎","ホサカハチロウ","男","03-8977-7140","Hachirou_Hosaka@rhqro.wg","1953/4/7","58","佐賀県","O"
"035","船越恵子","フナコシケイコ","女","03-6039-7479","keiko_funakoshi@maliecyiu.xu.fj","1989/12/26","21","徳島県","A"
"036","結城綾奈","ユウキアヤナ","女","03-2946-3298","ayanayuuki@edyqo.scd","1968/8/5","42","愛媛県","A"
"037","小松秋夫","コマツアキオ","男","03-1361-6412","akio2508@wqar.iv","1976/3/30","35","秋田県","A"
"038","高崎和佳","タカサキワカ","女","03-2951-5916","Waka_Takasaki@ycfvrk.bep","1976/6/26","34","滋賀県","O"
"039","内野京香","ウチノキョウカ","女","03-3747-8940","kyouka07837@nnsdkai.lx","1977/3/13","34","愛知県","O"
"040","馬場幸四郎","ババコウシロウ","男","03-0843-9347","tzvbrzeckoushirou25022@dxecbpsi.miukf.gr","1979/8/15","31","富山県","B"
"041","高柳花凛","タカヤナギカリン","女","03-7285-8741","Karin_Takayanagi@tetturpw.fip","1975/3/2","36","宮城県","A"
"042","猪俣美波","イノマタミナミ","女","03-2952-0219","minami_inomata@jqpdqkzzt.ig","1974/10/23","36","香川県","B"
"043","黒崎一憲","クロザキカズノリ","男","03-9288-8645","kazunori361@lpvbcx.xif.fxt","1971/3/23","40","大分県","A"
"044","池田敦子","イケダアツコ","女","03-6542-3258","atsuko471@qfsjswt.iy","1976/12/18","34","和歌山県","A"
"045","若林静枝","ワカバヤシシズエ","女","03-9371-6194","shizue276@mkeuysciv.pk","1963/12/18","47","大阪府","O"
"046","山城弘","ヤマシロヒロシ","男","03-5065-4438","Hiroshi_Yamashiro@najqweeen.kkpy.zj","1975/12/24","35","徳島県","A"
"047","菅野美佐子","スガノミサコ","女","03-2604-4514","misako14150@cidlysllu.ik","1954/10/30","56","愛知県","A"
"048","今西雅紹","イマニシマサツグ","男","03-8425-2223","masatsugu6617@zxtq.xye.uq","1965/6/13","46","宮城県","O"
"049","樋口心春","ヒグチコハル","女","03-9555-8931","koharuhiguchi@xzldvbr.fpni.dl","1971/6/3","40","福岡県","O"
"050","宮川公彦","ミヤカワキミヒコ","男","03-8099-5976","qkshwtnkimihiko20387@vrma.jl","1962/6/18","49","愛媛県","O"
"051","大久保宏美","オオクボヒロミ","女","03-8503-0113","iookubo@cdmnjuzo.etin.cu","1964/4/28","47","茨城県","O"
"052","吾妻照子","アズマテルコ","女","03-5210-6405","Teruko_Azuma@vvzlybna.rf","1954/12/22","56","奈良県","A"
"053","峰裕紀","ミネユキ","女","03-3335-7112","yuki_mine@czbdodhcuh.pnq","1989/5/23","22","山梨県","AB"
"054","門田尚子","カドタナオコ","女","03-1195-7982","ziukhvxdfahi-naoko97504@bksrjbmmz.isqy.gh","1966/8/31","44","青森県","A"
"055","安原麻紀","ヤスハラマキ","女","03-5494-5702","elykgwh=txemaki5596@dzzwxes.cgs","1987/12/26","23","徳島県","O"
"056","山脇富夫","ヤマワキトミオ","男","03-7340-4074","Tomio_Yamawaki@fzfuogmb.den.pdv","1974/1/11","37","三重県","AB"
"057","玉木知美","タマギトモミ","女","03-4087-0589","ldida=jalgmevjgtomomi2893@cfmugm.ezx","1961/1/23","50","滋賀県","B"
"058","川崎一夫","カワサキカズオ","男","03-3756-4831","okawasaki@nkcvr.cl.vik","1988/4/17","23","広島県","B"
"059","高畑有紀","タカハタユキ","女","03-2534-7954","yuki208@efrxsoh.wr","1984/7/3","26","山口県","O"
"060","武田十郎","タケダジュウロウ","男","03-3686-0012","utakeda@tsfd.bkxnm.jl","1957/9/14","53","長崎県","O"
"061","森山良男","モリヤマヨシオ","男","03-2421-6622","yoshio2906@uzamti.hxg","1975/3/27","36","北海道","O"
"062","長野徳子","ナガノノリコ","女","03-6427-0289","noriko8686@ddbbfh.rsz","1974/7/15","36","香川県","O"
"063","磯野卓","イソノタカシ","男","03-6009-3159","ujnld=takashi6966@whfwn.kq","1961/3/17","50","埼玉県","O"
"064","中林真哉","ナカバヤシシンヤ","男","03-1678-4886","anakabayashi@lvrzhdx.mer","1981/6/3","30","香川県","O"
"065","新村愛結","ニイムラアユ","女","03-2635-7338","ayu7846@hnhhfi.tw","1970/2/4","41","北海道","B"
"066","田崎咲来","タザキサクラ","女","03-0625-8959","sakura9503@lwgacy.kew","1957/7/29","53","鳥取県","A"
"067","村岡唯花","ムラオカユイカ","女","03-7540-2866","yuika255@haow.lab","1989/6/16","22","神奈川県","A"
"068","川畑武一","カワバタタケイチ","男","03-6899-5641","Takeichi_Kawabata@pcjlpgdoe.va","1983/6/21","28","京都府","O"
"069","大城精一","オオシロセイイチ","男","03-9218-0732","seiichi08219@nlbbcexi.ivq","1991/2/13","20","東京都","B"
"070","関口栄三郎","セキグチエイザブロウ","男","03-6712-1237","eizaburou8021@ijdjzcng.js","1956/10/17","54","福井県","A"
"071","本多花梨","ホンダカリン","女","03-9405-2634","karin315@ayiezsra.hlk","1988/12/10","22","長崎県","O"
"072","塚越公雄","ツカゴシキミオ","男","03-2847-6741","kimio9287@cmsfpkdi.hf","1957/4/27","54","富山県","O"
"073","倉持英紀","クラモチヒデノリ","男","03-1149-7642","h=gbfehhidenori18868@boxmhxpm.xl","1968/3/4","43","山梨県","B"
"074","水谷香奈","ミズタニカナ","女","03-0504-7276","amizutani@najk.dz","1978/11/27","32","宮崎県","A"
"075","仲野昭子","ナカノアキコ","女","03-1366-0373","akiko10898@llsddkxmq.rgzyp.bn","1953/2/13","58","鹿児島県","O"
"076","高沢敏雄","タカザワトシオ","男","03-0546-1593","toshio_takazawa@guxv.ior","1965/9/4","45","茨城県","B"
"077","野島正洋","ノジママサヒロ","男","03-3915-6942","gsc=icotxhrymasahiro70973@addh.inf","1987/8/3","23","静岡県","O"
"078","塩沢花子","シオザワハナコ","女","03-8866-2064","hanako017@tsnfh.vwqi.lr","1984/3/18","27","長野県","B"
"079","原千代乃","ハラチヨノ","女","03-5799-0606","Chiyono_Hara@ynquskyov.uk","1973/11/16","37","千葉県","A"
"080","本郷彩乃","ホンゴウアヤノ","女","03-8303-5793","trwkdcbokzgalpcayano5974@nbyrmmthqd.ddh","1979/7/20","31","滋賀県","B"
"081","青野彩夏","アオノサイカ","女","03-5878-5679","saikaaono@syrod.eu","1982/12/23","28","愛知県","O"
"082","真野京子","マノキョウコ","女","03-5516-8211","kyouko36164@zduk.npd","1961/12/16","49","大阪府","B"
"083","神保早百合","ジンボサユリ","女","03-0429-2997","Sayuri_Jimbo@cruvz.mw.pe","1971/4/8","40","岩手県","A"
"084","谷川春男","タニガワハルオ","男","03-8076-7064","haruo48666@qvcb.ku","1983/5/23","28","京都府","O"
"085","村田比呂","ムラタヒロ","男","03-8656-4942","hiro_murata@ejajjxkbq.tv.inh","1956/3/2","55","北海道","O"
"086","萩原徳三郎","ハギワラトクサブロウ","男","03-3897-5380","tokusaburouhagiwara@mpgoa.vy","1979/6/20","32","新潟県","A"
"087","滝田昭雄","タキタアキオ","男","03-9199-9234","akio_takita@mxgfmm.xo.bal","1955/4/11","56","福島県","A"
"088","岡本茉央","オカモトマオ","女","03-1859-8584","ookamoto@bfkesje.bp","1968/2/4","43","石川県","A"
"089","石沢光","イシザワアキラ","男","03-5830-0612","xemjyz-iyjpakira03810@ztyqarsji.penj.tr","1953/4/3","58","静岡県","O"
"090","谷本葉奈","タニモトハナ","女","03-1553-6971","hana_tanimoto@enpokvs.peo","1958/6/11","53","沖縄県","O"
"091","大木響","オオキヒビキ","女","03-3117-5533","hibiki82419@tfcxyvud.gnt","1974/5/25","37","富山県","A"
"092","萩原徳康","ハギワラトクヤス","男","03-9376-3360","tokuyasu8578@vcdreuunek.hy","1954/9/26","56","奈良県","B"
"093","沢田優依","サワダユイ","女","03-9240-8027","yui199@xflmfzozx.sd.hlu","1962/3/14","49","埼玉県","A"
"094","山崎正雄","ヤマザキマサオ","男","03-3256-7594","masao61992@tzikdnoxnz.phl","1967/11/11","43","鹿児島県","A"
"095","宮原俊男","ミヤハラトシオ","男","03-6766-1766","toshiomiyahara@fwsofi.re","1981/5/30","30","愛媛県","A"
"096","妹尾由夫","セノオヨシオ","男","03-1670-6247","Yoshio_Senoo@hxqarxi.ua","1960/2/6","51","岡山県","B"
"097","柳瀬克彦","ヤナセカツヒコ","男","03-9688-7910","Katsuhiko_Yanase@uasna.ln","1967/8/6","43","長野県","B"
"098","渡邊百花","ワタナベモモカ","女","03-5154-6515","momoka322@ohmurr.vs.idt","1970/1/2","41","高知県","A"
"099","小畑菜穂","オバタナホ","女","03-5696-4290","oobata@usatglb.hgr","1971/7/13","39","高知県","O"
"100","市村哲朗","イチムラテツロウ","男","03-2998-1958","uichimura@ennnb.nrd","1951/6/23","59","高知県","O"